
{
    "intrinsics": {
        "K": [2.17276744218538078712e+03, 0.00000000000000000000e+00, 9.54490641404186931140e+02, 0.00000000000000000000e+00, 2.17276717689096949471e+03, 6.22000547778491977624e+02, 0.00000000000000000000e+00, 0.00000000000000000000e+00, 1.00000000000000000000e+00],
        "distortion": [-2.03442220429323972208e-01, 1.87038352227698712049e-01, 0.00000000000000000000e+00, 0.00000000000000000000e+00, -6.41552214843684465162e-02],
        "calibration_tolerance": 0.091942,
        "resolution": [1200, 1920]
    }
}
